sensor-id,humidity
me.flavors.Trippledex,62
com.parallels.Holdlamis,52
de.google.Span,42
edu.psu.Alphazap,11
com.gravatar.Domainer,63
com.cisco.Lotlux,26
ru.ucoz.Lotstring,33
com.instagram.Fintone,12
com.ihg.Daltfresh,58
com.elpais.Flexidy,74
uk.co.dailymail.Home Ing,94
ru.vkontakte.Aerified,32
cn.google.Cardguard,98
com.wordpress.Aerified,16
de.amazon.Overhold,100
cn.360.Vagram,74
com.taobao.Veribet,13
com.chicagotribune.Namfix,93
com.gravatar.Treeflex,55
com.hostgator.Alpha,25
com.discovery.Cookley,52
com.friendfeed.Asoka,51
edu.wisc.Redhold,55
com.statcounter.Tin,93
org.simplemachines.Holdlamis,64
jp.ameblo.Stim,7
com.chicagotribune.Job,86
net.php.Tin,34
au.gov.oaic.Bytecard,19
com.amazonaws.Zoolab,22
com.bandcamp.Transcof,3
com.purevolume.Stim,56
com.over-blog.Tres-Zap,32
com.google.Quo Lux,77
us.imageshack.Zamit,73
gov.fema.Tampflex,2
com.topsy.Vagram,27
com.eepurl.Zontrax,28
com.com.Bamity,21
com.multiply.Y-find,88
com.flickr.It,89
com.icq.Alpha,64
com.wiley.Asoka,49
com.dell.Fintone,31
com.vinaora.Temp,44
com.omniture.Lotlux,52
com.lulu.Tampflex,90
com.dedecms.Aerified,54
org.bbb.Trippledex,88
com.tmall.Span,74
com.reverbnation.Veribet,6
com.photobucket.Alpha,45
jp.co.infoseek.Lotlux,26
com.blog.Pannier,49
edu.cornell.Overhold,72
com.hostgator.Fixflex,82
com.vk.Namfix,67
uk.co.dailymail.Kanlam,10
com.indiegogo.Cardify,96
fr.free.Zoolab,67
com.technorati.Bytecard,4
us.tx.state.Y-Solowarm,16
com.naver.Fix San,87
com.mozilla.Temp,56
com.comsenz.Sub-Ex,12
com.wikispaces.Treeflex,78
org.joomla.It,29
com.mlb.Y-Solowarm,7
com.wix.Zamit,7
com.engadget.Regrant,71
com.cdbaby.Duobam,37
com.hostgator.Subin,3
org.joomla.Zamit,18
com.bloglines.Solarbreeze,38
com.forbes.Regrant,31
uk.nhs.Voltsillam,40
uk.gov.Transcof,35
com.acquirethisname.Biodex,70
com.baidu.Fixflex,51
com.constantcontact.Regrant,92
com.ycombinator.Pannier,42
com.intel.Home Ing,1
ru.vkontakte.Hatity,99
nl.google.Y-Solowarm,72
com.lycos.Keylex,68
com.blogs.Pannier,75
jp.ne.so-net.Cardguard,2
org.simplemachines.Stringtough,92
uk.co.bbc.Sonsing,8
com.friendfeed.Tin,79
com.multiply.Regrant,40
com.comsenz.Solarbreeze,12
com.netlog.Solarbreeze,93
com.icq.Fix San,89
com.storify.Flowdesk,23
com.reverbnation.Bamity,34
de.amazon.Bytecard,1
com.topsy.Duobam,22
gov.nih.Toughjoyfax,79
org.slashdot.Tempsoft,96
com.storify.Overhold,72
com.woothemes.Holdlamis,31
com.pcworld.Bamity,74
com.dedecms.Hatity,10
com.github.Veribet,28
com.parallels.Tin,45
jp.co.yahoo.Span,44
org.altervista.Sonsing,31
com.bluehost.Ventosanzap,39
com.qq.Keylex,62
com.bizjournals.Flexidy,78
com.ycombinator.Konklab,87
com.cbslocal.Matsoft,3
com.webmd.Fintone,50
com.chronoengine.Tin,28
jp.jugem.Viva,72
org.unesco.Treeflex,14
com.wufoo.Stringtough,53
com.rediff.Trippledex,11
com.angelfire.Sonair,2
com.time.Keylex,31
com.tripadvisor.Fixflex,1
gov.nps.Matsoft,91
gov.nps.Flexidy,86
tv.ustream.Tampflex,60
com.flickr.Vagram,100
com.prnewswire.Domainer,20
com.pinterest.Subin,65
com.omniture.Flexidy,17
com.typepad.Ventosanzap,94
us.tx.state.Bigtax,3
uk.co.telegraph.Aerified,2
com.foxnews.Tresom,8
com.marriott.Konklux,4
com.nydailynews.Sonsing,5
com.netscape.Lotlux,92
jp.co.infoseek.Zamit,39
com.addthis.Konklux,32
gov.usa.Toughjoyfax,30
com.nytimes.Greenlam,15
com.rediff.Ventosanzap,73
com.cdbaby.Stringtough,74
gov.state.Home Ing,24
tv.ustream.Tempsoft,77
com.moonfruit.Fixflex,73
com.photobucket.Sub-Ex,69
com.typepad.Fix San,63
edu.cornell.Span,22
jp.shop-pro.Regrant,84
com.reddit.Andalax,11
net.cpanel.Konklab,88
com.goodreads.Lotlux,17
com.jiathis.Duobam,19
ru.vkontakte.Latlux,31
gov.epa.Bitchip,55
fr.unblog.Job,57
gov.dot.Fintone,76
pl.google.Home Ing,72
edu.umich.Stronghold,83
com.wikispaces.Rank,67
gov.va.Domainer,46
cn.360.Treeflex,87
com.pinterest.Kanlam,0
com.ning.Regrant,74
gov.loc.Regrant,98
com.posterous.Duobam,15
ru.mail.Fintone,61
cn.gov.miibeian.Fintone,93
com.reverbnation.Zamit,10
gov.senate.Sub-Ex,4
com.samsung.Sub-Ex,17
me.flavors.Otcom,23
com.angelfire.Tampflex,88
edu.ucla.Konklux,18
com.naver.Daltfresh,56
com.phpbb.Bamity,68
com.cnet.Zamit,16
com.mediafire.Regrant,46
com.skyrock.Ronstring,72
com.shareasale.Sonair,18
com.wordpress.Alphazap,87
org.slashdot.Home Ing,55
org.gnu.Andalax,59
com.nifty.Wrapsafe,21
com.ucoz.Kanlam,94
edu.columbia.Prodder,91
jp.co.amazon.Home Ing,34
uk.co.independent.Wrapsafe,39
net.cpanel.Flexidy,23
com.nbcnews.Domainer,73
com.domainmarket.Otcom,37
gov.state.Flexidy,14
org.networkadvertising.Quo Lux,42
com.deliciousdays.Veribet,74
com.wired.Zamit,13
com.smugmug.Fix San,52
com.businessweek.Stim,60
com.marketwatch.Matsoft,68
com.statcounter.Greenlam,14
com.blogtalkradio.Ventosanzap,13
edu.utexas.Home Ing,92
com.mashable.Transcof,87
com.ask.Aerified,96
com.cocolog-nifty.Stim,82
info.aboutads.Flowdesk,54
com.biblegateway.Voltsillam,11
com.csmonitor.Mat Lam Tam,15
com.ihg.Sub-Ex,85
com.meetup.Zoolab,72
com.bandcamp.Tempsoft,24
com.imdb.Flexidy,23
com.barnesandnoble.Matsoft,6
gov.state.Cookley,66
com.howstuffworks.Alphazap,98
com.mashable.Sonsing,89
com.weather.Subin,67
com.prnewswire.Otcom,3
com.typepad.Aerified,23
com.weibo.Greenlam,7
com.nytimes.Wrapsafe,21
org.wikimedia.Wrapsafe,23
com.seattletimes.Zamit,30
com.wunderground.Zamit,95
com.shinystat.Otcom,71
com.chicagotribune.Holdlamis,4
com.ycombinator.Zamit,8
com.pcworld.Gembucket,66
com.cafepress.Veribet,49
cn.gov.miibeian.Treeflex,72
com.chicagotribune.Alpha,74
cn.gov.miitbeian.Zamit,5
com.weather.Opela,8
com.chronoengine.Asoka,6
com.symantec.Fix San,6
com.yolasite.Toughjoyfax,46
com.cnn.Redhold,57
com.fastcompany.Bytecard,33
com.blogspot.Gembucket,10
com.freewebs.Zaam-Dox,62
ru.mail.Tempsoft,59
net.jalbum.Tresom,39
fr.free.Domainer,97
com.apple.Konklab,77
com.hugedomains.Bamity,100
com.hexun.Viva,45
cn.com.china.Zathin,13
com.time.Tres-Zap,73
nl.google.Latlux,65
com.nba.Bitwolf,4
com.icq.Greenlam,75
com.cbslocal.Toughjoyfax,21
uk.co.timesonline.Zontrax,54
gov.senate.Voyatouch,12
uk.co.dailymail.Flowdesk,34
com.comsenz.Lotlux,75
uk.co.dailymail.Y-Solowarm,78
com.hubpages.Sonair,75
co.t.Stronghold,69
com.fc2.Flowdesk,25
com.com.Tresom,65
gov.nih.Solarbreeze,89
com.theglobeandmail.Sonsing,35
gov.usgs.Zontrax,77
com.zdnet.Konklab,81
com.webs.Lotlux,57
com.msn.Aerified,86
com.yahoo.Alphazap,6
tv.ustream.Konklux,17
org.dmoz.Bigtax,42
eu.europa.Wrapsafe,2
com.blinklist.Sonair,98
us.icio.Prodder,2
net.a8.Namfix,52
com.blogspot.Fix San,60
com.spotify.Bamity,97
jp.co.infoseek.Redhold,98
com.tumblr.Alpha,0
it.google.Zoolab,76
com.salon.Alphazap,28
com.reddit.Regrant,16
com.ehow.Alphazap,44
com.jigsy.Zoolab,37
com.ibm.Lotlux,60
com.twitter.Tampflex,93
com.hp.Subin,31
com.deviantart.Opela,61
com.blogtalkradio.Bamity,14
com.weibo.Holdlamis,8
gov.fema.Bitchip,61
vu.de.Tin,12
pl.home.Hatity,18
edu.wisc.Asoka,36
com.hugedomains.Subin,40
edu.virginia.Namfix,5
com.blog.Opela,67
com.mysql.Bitwolf,74
jp.geocities.It,1
de.1und1.Hatity,9
com.skyrock.Zathin,8
com.live.Asoka,16
us.tx.state.Daltfresh,33
com.go.Hatity,98
com.webmd.Tres-Zap,86
com.wunderground.Home Ing,45
org.unicef.Voltsillam,15
com.istockphoto.Tin,11
edu.utexas.Home Ing,97
jp.ameblo.Bitwolf,93
com.oakley.Keylex,68
com.imdb.Solarbreeze,58
com.live.Bitwolf,71
com.intel.Otcom,8
it.google.Alpha,73
com.msn.Biodex,9
com.ifeng.Regrant,33
ca.google.Zathin,86
org.slashdot.Wrapsafe,37
com.squarespace.Home Ing,94
jp.ne.hatena.Fix San,89
com.amazon.Ventosanzap,38
com.flickr.Domainer,24
edu.upenn.Opela,66
uk.co.bbc.Voltsillam,69
jp.co.yahoo.Otcom,18
com.pcworld.Namfix,20
com.nature.Bytecard,9
com.tinypic.Stronghold,73
com.cyberchimps.Konklux,24
org.dyndns.Trippledex,78
com.acquirethisname.Zontrax,8
com.netvibes.Sonair,4
com.scribd.Sonsing,81
ru.mail.Zoolab,49
jp.geocities.Solarbreeze,22
com.accuweather.Alpha,24
com.youku.Asoka,64
com.vinaora.Viva,65
net.slideshare.Y-Solowarm,15
jp.geocities.Mat Lam Tam,28
com.soundcloud.Span,49
com.netlog.Job,9
org.prlog.Pannier,78
com.livejournal.Home Ing,66
gov.senate.Tin,52
com.hc360.Bytecard,91
com.nytimes.Sub-Ex,54
es.google.Regrant,22
com.answers.Treeflex,71
com.cnbc.Sonsing,54
com.imgur.Rank,24
org.w3.Zoolab,10
com.imdb.Span,72
net.behance.Prodder,47
com.shareasale.Sonsing,94
com.csmonitor.Stim,12
pl.home.Matsoft,85
com.sohu.Flexidy,29
com.cafepress.Lotstring,76
com.bandcamp.Alphazap,48
com.fotki.Bigtax,45
com.paypal.Pannier,77
uk.co.timesonline.Bigtax,62
com.surveymonkey.Veribet,72
com.time.Tampflex,50
com.cloudflare.Fintone,8
com.boston.Holdlamis,57
net.slideshare.Duobam,71
com.cbslocal.Pannier,58
edu.ucla.Duobam,26
org.creativecommons.Ronstring,92
com.instagram.Konklux,41
com.stumbleupon.Greenlam,78
com.quantcast.Flexidy,65
com.com.Daltfresh,72
com.photobucket.Home Ing,71
co.t.Aerified,8
net.discuz.Bamity,7
com.addtoany.Prodder,63
edu.yale.Tampflex,23
com.mayoclinic.Span,41
com.bloomberg.Holdlamis,0
edu.tamu.Bigtax,43
com.booking.Konklux,25
com.wiley.Veribet,79
com.digg.Sub-Ex,73
de.spiegel.Stronghold,50
com.shareasale.Asoka,26
com.hubpages.Bamity,13
org.wikipedia.Tin,72
me.about.Otcom,8
com.java.Tampflex,54
jp.co.google.Subin,39
com.ezinearticles.Lotlux,14
com.nifty.Treeflex,57
com.reuters.Zoolab,9
com.sfgate.Job,8
com.cocolog-nifty.Regrant,49
com.cargocollective.Fixflex,29
de.amazon.Stim,52
com.techcrunch.Sub-Ex,88
com.netscape.Tempsoft,48
com.ihg.Kanlam,57
tv.ustream.It,94
com.ning.Zaam-Dox,83
com.blogtalkradio.Temp,37
com.sciencedirect.Veribet,18
com.xrea.Opela,43
jp.co.yahoo.Ventosanzap,22
com.xinhuanet.Y-find,60
net.slideshare.Bamity,3
gov.whitehouse.Rank,5
com.cnbc.Viva,0
gov.ca.Tin,47
net.sourceforge.Treeflex,50
com.discovery.Cardify,64
com.wired.Domainer,54
net.ovh.Cardify,17
com.hp.Gembucket,37
com.twitter.Vagram,37
gov.nps.Konklux,94
edu.stanford.Duobam,24
com.cnbc.Treeflex,62
com.blogtalkradio.Transcof,3
com.bandcamp.Quo Lux,65
com.acquirethisname.Duobam,17
com.bravesites.Treeflex,43
fr.pagesperso-orange.Keylex,65
com.kickstarter.Sonsing,97
com.prnewswire.Redhold,41
com.java.Zontrax,66
com.livejournal.Vagram,30
uk.ac.ox.Cardguard,83
com.networksolutions.Wrapsafe,23
com.pinterest.Bytecard,82
gov.ed.Bitwolf,32
com.imdb.Ventosanzap,71
fm.last.Treeflex,96
com.nymag.Y-Solowarm,91
com.bloglines.Bigtax,80
com.merriam-webster.Matsoft,69
org.dmoz.Job,38
com.hubpages.Voltsillam,37
jp.ne.so-net.Hatity,85
com.studiopress.Zathin,81
com.bloglovin.Alphazap,58
edu.cmu.Transcof,30
com.bandcamp.Cardify,66
uk.co.guardian.Viva,71
au.gov.privacy.Matsoft,60
gov.va.Subin,72
com.tinyurl.It,77
jp.ne.ocn.Biodex,99
com.feedburner.Fintone,21
com.list-manage.It,27
com.ycombinator.Subin,60
com.techcrunch.Gembucket,46
com.devhub.Opela,44
com.canalblog.Lotlux,45
com.yahoo.Ronstring,86
com.reverbnation.Overhold,79
com.amazonaws.Tres-Zap,82
com.4shared.Duobam,25
com.nydailynews.Fix San,41
com.hp.Cookley,71
com.example.Toughjoyfax,89
com.feedburner.Tres-Zap,33
com.apple.Otcom,37
cn.com.people.Konklux,48
gov.ed.Hatity,46
com.fastcompany.Ronstring,74
com.fotki.Regrant,16
com.homestead.Duobam,43
com.macromedia.Namfix,49
com.shareasale.Tampflex,12
uk.co.thetimes.Cardguard,86
io.pen.Zaam-Dox,35
com.wufoo.Duobam,2
com.blog.Voltsillam,26
de.e-recht24.Zaam-Dox,67
com.sohu.Sonsing,29
ru.mail.Redhold,52
com.scribd.Zamit,89
com.economist.Solarbreeze,70
ru.ucoz.Zontrax,37
com.instagram.Aerified,91
com.yellowbook.Subin,4
org.un.Ventosanzap,83
com.list-manage.Duobam,94
fr.pagesperso-orange.Cardguard,52
com.businessweek.Bamity,87
com.webs.Tresom,47
org.prlog.Namfix,70
com.yelp.Tin,88
me.flavors.Holdlamis,3
com.vinaora.Voyatouch,43
org.wordpress.Cardify,23
org.un.Bytecard,90
au.gov.oaic.Vagram,26
com.ibm.Y-find,13
com.spotify.Y-Solowarm,65
com.nifty.Quo Lux,4
com.hubpages.Zontrax,93
com.geocities.Latlux,34
net.comcast.Daltfresh,40
uk.co.timesonline.Transcof,87
jp.ne.biglobe.Prodder,58
com.nbcnews.Fixflex,48
com.flickr.Pannier,43
org.mozilla.Tempsoft,80
com.usnews.Home Ing,45
edu.berkeley.Andalax,86
com.cloudflare.It,48
com.spotify.Tin,35
jp.co.google.Zathin,34
com.lycos.Otcom,59
com.wired.Biodex,50
com.cbslocal.Prodder,34
io.soup.Y-Solowarm,88
com.java.Duobam,29
com.hc360.Tin,10
com.reuters.Job,16
gl.goo.Prodder,78
com.bizjournals.Keylex,83
edu.harvard.Vagram,32
net.jalbum.Lotlux,18
com.wix.Konklab,0
us.icio.Bitchip,97
com.google.Sub-Ex,46
com.bloglines.Konklux,28
gov.irs.Vagram,2
uk.co.dailymail.Alphazap,47
com.geocities.Bitwolf,7
com.quantcast.Mat Lam Tam,36
edu.umich.Holdlamis,82
com.squarespace.Trippledex,29
com.samsung.Bigtax,39
com.cbslocal.Mat Lam Tam,5
com.networksolutions.Namfix,30
br.com.uol.Zontrax,36
com.fotki.Subin,94
com.deviantart.Duobam,60
com.quantcast.Zoolab,24
com.ning.Zathin,17
com.4shared.Span,75
com.symantec.Rank,65
com.stumbleupon.Opela,60
com.mayoclinic.Gembucket,52
com.sogou.Bytecard,70
com.addthis.Stim,70
com.go.Konklux,4
gov.cdc.Stronghold,49
edu.cmu.Viva,92
com.businesswire.Stim,92
com.tmall.Redhold,100
edu.mit.Span,67
it.google.Latlux,2
com.cafepress.Holdlamis,6
org.pbs.Cardify,32
com.reference.Tres-Zap,21
com.mayoclinic.Sonsing,36
com.weibo.Fix San,77
com.elpais.Zontrax,85
uk.ac.ox.Sub-Ex,29
edu.washington.Otcom,82
it.paginegialle.Bytecard,41
com.scientificamerican.Namfix,8
ca.cbc.Pannier,100
uk.ac.ox.Y-Solowarm,38
com.baidu.Gembucket,54
com.mayoclinic.Matsoft,45
edu.berkeley.Cookley,44
pl.home.Ronstring,49
edu.mit.Veribet,5
cn.gov.miibeian.Transcof,51
com.sohu.It,94
com.fotki.Alpha,77
com.theglobeandmail.Asoka,85
de.spiegel.Aerified,85
com.typepad.Temp,48
com.sciencedirect.Bitchip,59
com.blogs.Konklab,92
com.dell.Bitchip,42
com.blogs.Tin,66
com.hc360.Zathin,61
com.cyberchimps.Tempsoft,42
net.slideshare.Cardguard,63
com.skype.Holdlamis,27
gov.ftc.Trippledex,70
de.t-online.Subin,46
cn.com.china.Otcom,32
com.cyberchimps.Trippledex,83
ru.google.Tampflex,11
com.boston.Bitchip,75
uk.nhs.Fintone,16
com.indiatimes.Duobam,17
uk.co.thetimes.Pannier,3
com.prnewswire.Veribet,87
com.cafepress.Overhold,35
com.yelp.Holdlamis,94
fr.google.Flowdesk,64
com.tripod.Temp,42
de.spiegel.Tin,51
com.netlog.Cardify,89
com.taobao.Tin,65
com.flickr.Bigtax,73
com.pcworld.Cardify,62
com.cyberchimps.Tampflex,24
com.yolasite.Flowdesk,67
gd.is.Sonsing,15
com.canalblog.Greenlam,77
org.npr.Alphazap,70
com.purevolume.Greenlam,25
com.wordpress.Alpha,94
com.ebay.Keylex,87
com.java.Greenlam,32
com.sun.Aerified,63
com.blogspot.Duobam,26
pl.google.Zontrax,65
com.zimbio.Overhold,37
ly.ow.Daltfresh,76
me.about.Latlux,67
eu.europa.Job,23
com.moonfruit.Treeflex,40
com.springer.Daltfresh,17
com.bandcamp.Ronstring,15
net.ovh.Home Ing,48
org.dyndns.Zaam-Dox,77
gov.fema.Cardguard,11
com.apple.Rank,33
gov.fda.Gembucket,22
me.flavors.Bitwolf,61
com.photobucket.Duobam,47
com.phpbb.Latlux,92
com.yelp.Duobam,99
uk.co.webeden.Konklab,65
com.soundcloud.Home Ing,40
gov.ftc.Matsoft,59
com.go.Sonair,85
com.oracle.Zoolab,67
edu.columbia.Bitwolf,34
ly.ow.Keylex,11
com.soundcloud.Y-Solowarm,18
com.yelp.Redhold,7
com.oakley.Tresom,35
org.gnu.Otcom,64
net.sourceforge.Span,47
com.arstechnica.Alpha,69
gov.hud.Hatity,25
com.reuters.Zontrax,58
pl.google.Span,1
com.wikispaces.Lotlux,80
jp.shop-pro.Mat Lam Tam,6
com.blogtalkradio.Sub-Ex,83
com.instagram.Bytecard,24
com.blogger.Tempsoft,100
com.jigsy.Tres-Zap,82
net.sourceforge.Gembucket,32
com.discovery.Bigtax,97
com.mediafire.Zamit,73
org.wikimedia.Regrant,77
de.1und1.Domainer,59
au.org.auda.Subin,19
com.marriott.Tres-Zap,47
org.unicef.Zamit,66
com.sohu.Aerified,91
net.seesaa.Cardguard,87
com.live.Lotstring,42
cz.toplist.Redhold,0
com.ycombinator.Redhold,51
uk.nhs.Lotstring,38
com.forbes.Lotlux,81
uk.co.123-reg.Toughjoyfax,11
com.cargocollective.Gembucket,39
com.gizmodo.Ronstring,60
cn.gov.miitbeian.Sonsing,43
edu.utexas.Zontrax,48
com.tmall.Regrant,73
com.tinyurl.Sonair,33
com.marriott.Hatity,88
fr.free.Otcom,46
com.huffingtonpost.Opela,94
uk.co.telegraph.Domainer,87
com.vimeo.Zontrax,39
org.wordpress.Greenlam,20
us.imageshack.Flowdesk,54
gov.senate.Solarbreeze,67
cz.mapy.Mat Lam Tam,77
com.wp.Lotlux,10
com.naver.Vagram,50
com.vimeo.Konklab,35
com.huffingtonpost.Greenlam,98
com.arstechnica.Cookley,79
edu.umn.Stim,25
org.slashdot.Zamit,89
com.cbsnews.Bigtax,46
org.wordpress.Opela,27
uk.co.webeden.Stringtough,29
com.example.Tampflex,92
com.yolasite.Zontrax,15
jp.ne.sakura.Rank,32
com.yahoo.Matsoft,60
com.sciencedirect.Pannier,1
com.businesswire.Subin,54
com.prweb.Tres-Zap,30
it.google.Regrant,96
com.acquirethisname.Sonair,2
com.ibm.Zoolab,70
com.lulu.Quo Lux,19
com.hexun.Hatity,81
edu.ucsd.Bigtax,60
br.com.google.Voyatouch,39
cz.phoca.Holdlamis,35
net.furl.Mat Lam Tam,59
com.bloglovin.Tres-Zap,27
uk.co.123-reg.Trippledex,86
org.dmoz.Vagram,16
com.forbes.Duobam,0
com.globo.Trippledex,84
gov.dot.Lotstring,97
com.histats.Lotstring,34
de.amazon.Zamit,88
com.soundcloud.Flowdesk,12
com.biblegateway.It,0
edu.columbia.Alphazap,67
com.tmall.Cardguard,30
gov.epa.Zaam-Dox,83
com.surveymonkey.Hatity,94
jp.jugem.Keylex,31
com.weebly.Y-Solowarm,75
com.domainmarket.Fixflex,59
com.bravesites.Asoka,62
au.org.auda.Subin,60
com.gravatar.Cardify,56
com.sciencedirect.Latlux,6
us.imageshack.Tampflex,71
com.statcounter.Fixflex,70
com.cloudflare.Aerified,28
com.devhub.Stim,86
com.quantcast.Treeflex,9
com.hostgator.Bitchip,37
com.tumblr.Viva,46
com.cocolog-nifty.Bitchip,69
com.vk.Duobam,82
org.simplemachines.Regrant,98
com.hubpages.Solarbreeze,4
com.mozilla.Tampflex,86
com.yellowpages.Domainer,65
edu.columbia.Voltsillam,29
org.gnu.Zontrax,38
net.sourceforge.Quo Lux,9
edu.yale.Fintone,96
com.usnews.Span,45
io.soup.Cookley,75
com.techcrunch.Ventosanzap,72
com.blogs.Tampflex,3
com.marriott.Voyatouch,65
com.example.Stringtough,86
eu.europa.Y-Solowarm,60
com.istockphoto.Stim,33
edu.virginia.Bamity,8
com.businessinsider.Home Ing,50
com.wordpress.Tempsoft,72
edu.stanford.Treeflex,21
com.cisco.Gembucket,61
com.deviantart.Zoolab,35
com.baidu.Y-Solowarm,64
com.about.Wrapsafe,77
com.opera.Asoka,44
io.soup.Flexidy,25
com.eventbrite.Zoolab,76
edu.washington.Y-Solowarm,10
com.blogger.Tin,81
com.stumbleupon.Tampflex,43
com.yellowpages.Duobam,92
io.github.Zoolab,2
com.cocolog-nifty.Zaam-Dox,26
com.businessweek.Greenlam,7
com.engadget.Zaam-Dox,41
com.quantcast.Voyatouch,9
it.google.Zaam-Dox,44
ru.google.Latlux,58
org.gnu.Stim,97
com.scientificamerican.Lotlux,61
edu.unc.Flexidy,86
com.4shared.Y-Solowarm,27
com.reference.Domainer,23
com.yolasite.Trippledex,83
com.alibaba.Zathin,1
net.earthlink.Otcom,81
com.kickstarter.Tampflex,52
uk.co.dailymail.Zontrax,17
com.ft.Transcof,95
com.pcworld.Domainer,65
com.printfriendly.Fintone,18
com.yelp.Alpha,76
com.dagondesign.Trippledex,40
ru.yandex.Tres-Zap,78
com.hugedomains.Matsoft,76
com.purevolume.Konklux,94
com.imdb.Konklux,42
vu.de.Otcom,55
com.theguardian.Lotlux,69
de.1und1.Bitchip,7
com.multiply.Opela,30
edu.stanford.Pannier,92
gov.ca.Opela,43
net.furl.Sub-Ex,24
edu.princeton.Overhold,2
au.com.google.Tampflex,69
com.oracle.Vagram,64
jp.jugem.Cardguard,23
com.msn.Rank,96
com.accuweather.Overhold,77
com.foxnews.Y-find,12
com.wufoo.Quo Lux,27
ch.admin.Pannier,92
uk.co.timesonline.Stringtough,32
it.tuttocitta.Y-Solowarm,48
me.about.Viva,49
com.bloglines.Veribet,67
gov.fema.Duobam,91
com.hp.Viva,73
com.webs.Tempsoft,48
com.mtv.Stim,77
com.gravatar.Konklab,96
br.com.uol.Matsoft,49
jp.geocities.Daltfresh,79
com.cnn.Fixflex,67
au.com.smh.Span,17
com.freewebs.Temp,81
com.ycombinator.Trippledex,64
com.purevolume.Y-Solowarm,26
gov.dot.Tempsoft,61
uk.gov.Tresom,30
gov.nasa.Hatity,36
fr.pagesperso-orange.Stringtough,59
jp.geocities.Bytecard,73
com.csmonitor.Opela,72
de.e-recht24.Stronghold,44
com.printfriendly.Andalax,14
io.soup.Domainer,24
gov.cdc.Sonair,6
gov.usa.Kanlam,61
com.tripadvisor.Konklab,100
com.sciencedirect.Cardify,89
com.shinystat.Cardguard,96
com.ibm.Zathin,56
com.blog.Daltfresh,57
com.usnews.Tampflex,9
com.discovery.Subin,53
uk.co.bbc.Subin,13
com.photobucket.Y-Solowarm,94
com.ifeng.Otcom,29
fr.google.Pannier,58
com.indiatimes.Namfix,81
com.nifty.Overhold,82
com.sphinn.Treeflex,37
gov.census.Ventosanzap,43
com.amazonaws.Bamity,98
com.gizmodo.Fintone,0
com.answers.Zoolab,10
net.sourceforge.Tresom,99
com.deliciousdays.Treeflex,11
com.cyberchimps.Treeflex,90
cz.toplist.Sonair,17
com.cnn.Home Ing,40
de.t-online.Flowdesk,90
com.nature.Zoolab,38
jp.ne.biglobe.Zoolab,97
cn.gov.miitbeian.Stronghold,48
com.posterous.Sonsing,8
com.marriott.Asoka,52
com.cafepress.Bigtax,75
net.furl.Span,53
com.newyorker.Tampflex,35
com.instagram.It,43
com.webnode.Alpha,10
com.examiner.Matsoft,41
com.sohu.Trippledex,79
com.ehow.Treeflex,97
net.php.Toughjoyfax,41
com.alibaba.Viva,54
com.gravatar.Sub-Ex,62
com.examiner.Bitwolf,76
com.twitpic.Gembucket,33
com.gravatar.Asoka,15
org.archive.Regrant,13
cn.360.Biodex,67
com.ebay.Konklux,0
net.furl.Veribet,42
gov.usda.Gembucket,56
net.discuz.Solarbreeze,60
jp.exblog.Biodex,39
com.myspace.Aerified,36
com.yellowpages.Bamity,91
net.earthlink.Tampflex,26
gov.va.Bamity,76
io.soup.Andalax,33
edu.mit.Zaam-Dox,80
org.wikipedia.Gembucket,77
com.jimdo.Flowdesk,72
com.smugmug.Zaam-Dox,58
com.newsvine.Span,38
uk.ac.ox.Biodex,5
vu.de.Redhold,66
cc.tiny.Y-find,37
com.trellian.Y-find,41
com.bigcartel.Ronstring,40
com.wp.Keylex,51
com.sohu.Holdlamis,86
com.cafepress.Bitchip,78
com.omniture.Fix San,4
com.marriott.Y-find,91
com.mac.Rank,46
edu.umich.Latlux,35
com.nbcnews.Regrant,0
com.posterous.Rank,84
edu.columbia.Overhold,60
com.4shared.Overhold,14
com.etsy.Viva,1
com.godaddy.Transcof,54
com.netscape.Trippledex,80
com.gravatar.Namfix,57
edu.washington.Andalax,36
au.com.smh.Zoolab,22
com.webmd.Bamity,70
org.networkadvertising.Andalax,66
jp.jugem.Biodex,47
com.howstuffworks.Sonsing,39
com.4shared.Stim,95
it.google.Opela,59
com.vinaora.Home Ing,44
com.kickstarter.Sonsing,82
org.simplemachines.Tresom,71
com.cnbc.Hatity,86
com.springer.Lotstring,56
com.homestead.Toughjoyfax,43
fr.google.Biodex,16
com.nba.Konklab,93
edu.ucla.Quo Lux,15
com.sohu.Duobam,90
com.blogtalkradio.Flexidy,55
io.soup.Zathin,0
gov.ed.Duobam,31
com.sohu.Solarbreeze,31
com.chicagotribune.Tres-Zap,58
com.tmall.Subin,80
com.slate.Cookley,45
com.xrea.Konklux,35
fr.pagesperso-orange.Opela,36
cz.toplist.Gembucket,34
com.weebly.Lotstring,21
fr.free.Latlux,70
gov.nasa.Temp,23
net.php.Overhold,77
com.huffingtonpost.Gembucket,15
net.comcast.Fixflex,38
com.sbwire.Tin,95
uk.co.ebay.Voyatouch,84
com.msn.Tin,5
com.sohu.Sonair,8
com.sfgate.Greenlam,96
com.engadget.Flowdesk,69
edu.princeton.Bytecard,52
eu.europa.Redhold,35
com.slate.Namfix,74
org.redcross.Konklab,38
jp.co.google.Biodex,23
com.squidoo.Wrapsafe,49
com.sohu.Solarbreeze,56
com.vimeo.Stringtough,32
com.cnet.Viva,47
com.macromedia.Tampflex,98
jp.or.plala.Kanlam,23
edu.berkeley.Y-Solowarm,86
com.newsvine.Veribet,17
jp.japanpost.Greenlam,62
fr.free.Sonair,73
uk.co.timesonline.Hatity,60
com.tinypic.Andalax,55
fr.free.Flexidy,58
com.ft.Cardguard,64
com.zimbio.Treeflex,33
edu.upenn.Cardify,21
com.weibo.Vagram,83
com.goodreads.Job,45
be.youtu.Bytecard,41
com.yolasite.Otcom,31
uk.co.webeden.Rank,49
com.mysql.Andalax,96
com.hubpages.Cardify,1
edu.yale.Zathin,11
com.storify.Transcof,51
com.xing.Matsoft,30
com.netvibes.Toughjoyfax,22
jp.ne.goo.Y-find,16
uk.ac.ox.Alpha,89
edu.psu.Keylex,74
com.yellowpages.Treeflex,96
com.hostgator.Viva,12
com.hostgator.Viva,NaN
com.hostgator.Viva,120
